INSERT INTO "UserImage" ("id", "path") VALUES (1, 'https://robohash.org/etremoptio.png?size=50x50&set=set1');
INSERT INTO "UserImage" ("id", "path") VALUES (2, 'https://robohash.org/solutaipsumvero.png?size=50x50&set=set1');
INSERT INTO "UserImage" ("id", "path") VALUES (3, 'https://robohash.org/modiharumerror.png?size=50x50&set=set1');
INSERT INTO "UserImage" ("id", "path") VALUES (4, 'https://robohash.org/consequaturistetenetur.png?size=50x50&set=set1');
INSERT INTO "UserImage" ("id", "path") VALUES (5, 'https://robohash.org/autemtemporadignissimos.png?size=50x50&set=set1');
INSERT INTO "UserImage" ("id", "path") VALUES (6, 'https://robohash.org/aperiamametnostrum.png?size=50x50&set=set1');
INSERT INTO "UserImage" ("id", "path") VALUES (7, 'https://robohash.org/eavoluptatumvelit.png?size=50x50&set=set1');
INSERT INTO "UserImage" ("id", "path") VALUES (8, 'https://robohash.org/ullamdolorummolestiae.png?size=50x50&set=set1');
INSERT INTO "UserImage" ("id", "path") VALUES (9, 'https://robohash.org/estrationeblanditiis.png?size=50x50&set=set1');
INSERT INTO "UserImage" ("id", "path") VALUES (10, 'https://robohash.org/placeatdoloribusa.png?size=50x50&set=set1');
INSERT INTO "UserImage" ("id", "path") VALUES (11, 'https://robohash.org/ducimusarchitectosed.png?size=50x50&set=set1');
INSERT INTO "UserImage" ("id", "path") VALUES (12, 'https://robohash.org/quissuscipiteos.png?size=50x50&set=set1');
INSERT INTO "UserImage" ("id", "path") VALUES (13, 'https://robohash.org/distinctiosapientesed.png?size=50x50&set=set1');
INSERT INTO "UserImage" ("id", "path") VALUES (14, 'https://robohash.org/voluptatemutconsectetur.png?size=50x50&set=set1');
INSERT INTO "UserImage" ("id", "path") VALUES (15, 'https://robohash.org/temporeestexplicabo.png?size=50x50&set=set1');
INSERT INTO "UserImage" ("id", "path") VALUES (16, 'https://robohash.org/undeofficiisveniam.png?size=50x50&set=set1');
INSERT INTO "UserImage" ("id", "path") VALUES (17, 'https://robohash.org/quasutdelectus.png?size=50x50&set=set1');
INSERT INTO "UserImage" ("id", "path") VALUES (18, 'https://robohash.org/nequeporrodistinctio.png?size=50x50&set=set1');
INSERT INTO "UserImage" ("id", "path") VALUES (19, 'https://robohash.org/delectusoditdolores.png?size=50x50&set=set1');
INSERT INTO "UserImage" ("id", "path") VALUES (20, 'https://robohash.org/solutarepellenduscum.png?size=50x50&set=set1');

INSERT INTO "User" ("username", "email", "name", "password", "trust_level", "country", "bio", "erasmus_in_out", "profile_picture_id", "birthday", "num_votes", "num_questions", "num_comments", "num_reports", "num_answers", "num_fav_answers") VALUES ('vcleynaert0', 'vcleynaert0@telegraph.co.uk', 'Verine Cleynaert', 'ctAiDrqvxq', 0, 'China', 'Electrical Engineering', true, 1, '1994-03-11',  0, 0, 0, 0, 0, 0);
INSERT INTO "User" ("username", "email", "name", "password", "trust_level", "country", "bio", "erasmus_in_out", "profile_picture_id", "birthday", "num_votes", "num_questions", "num_comments", "num_reports", "num_answers", "num_fav_answers") VALUES ('hhargitt1', 'hhargitt1@chron.com', 'Hyacinth Hargitt', 'nMH3FJna5', 0, 'Brazil', 'Mobilidade Program. 21yo', true, 2, '1991-01-22',  0, 0, 0, 0, 0, 0);
INSERT INTO "User" ("username", "email", "name", "password", "trust_level", "country", "bio", "erasmus_in_out", "profile_picture_id", "birthday", "num_votes", "num_questions", "num_comments", "num_reports", "num_answers", "num_fav_answers") VALUES ('diogosantos', 'diogosantos@gmail.com', 'Diogo Santos', 'kPhRV3Rimdg', 0, 'Portugal', 'MIEIC FEUP', true, 3, '1995-02-21',  0, 0, 0, 0, 0, 0);
INSERT INTO "User" ("username", "email", "name", "password", "trust_level", "country", "bio", "erasmus_in_out", "profile_picture_id", "birthday", "num_votes", "num_questions", "num_comments", "num_reports", "num_answers", "num_fav_answers") VALUES ('ggoddard3', 'ggoddard3@unesco.org', 'Gabriell Goddard', 'q4VlamCTlhvn', 0, 'Netherlands', 'Im from Amsterdam', false, 4, '1994-09-01',  0, 0, 0, 0, 0, 0);
INSERT INTO "User" ("username", "email", "name", "password", "trust_level", "country", "bio", "erasmus_in_out", "profile_picture_id", "birthday", "num_votes", "num_questions", "num_comments", "num_reports", "num_answers", "num_fav_answers") VALUES ('vgreguol4', 'vgreguol4@hatena.ne.jp', 'Vida Greguol', 'A79gvYT8kQP9', 0, 'China', '', true, 5, '1996-12-19',  0, 0, 0, 0, 0, 0);
INSERT INTO "User" ("username", "email", "name", "password", "trust_level", "country", "bio", "erasmus_in_out", "profile_picture_id", "birthday", "num_votes", "num_questions", "num_comments", "num_reports", "num_answers", "num_fav_answers") VALUES ('joseeduardo', 'joseeduardo@gmail.com', 'Jose Eduardo', '8mOgFRMU8', 0, 'Portugal', 'MIEIC FEUP', false, 6, '1993-02-18',  0, 0, 0, 0, 0, 0);
INSERT INTO "User" ("username", "email", "name", "password", "trust_level", "country", "bio", "erasmus_in_out", "profile_picture_id", "birthday", "num_votes", "num_questions", "num_comments", "num_reports", "num_answers", "num_fav_answers") VALUES ('rgrinyakin6', 'rgrinyakin6@fda.gov', 'Ree Grinyakin', 'YrD9bD', 0, 'Brazil', 'From Brazil in Porto', false, 7, '1992-03-06',  0, 0, 0, 0, 0, 0);
INSERT INTO "User" ("username", "email", "name", "password", "trust_level", "country", "bio", "erasmus_in_out", "profile_picture_id", "birthday", "num_votes", "num_questions", "num_comments", "num_reports", "num_answers", "num_fav_answers") VALUES ('ebaxandall7', 'ebaxandall7@dailymotion.com', 'Elnar Baxandall', '5hgoh9XQy', 0, 'China', 'Med Student', false, 8, '1991-06-11',  0, 0, 0, 0, 0, 0);
INSERT INTO "User" ("username", "email", "name", "password", "trust_level", "country", "bio", "erasmus_in_out", "profile_picture_id", "birthday", "num_votes", "num_questions", "num_comments", "num_reports", "num_answers", "num_fav_answers") VALUES ('mossipenko8', 'mossipenko8@is.gd', 'Maisie Ossipenko', '6W94WMiQf5', 0, 'China', 'Engineering student', false, 9, '1992-10-13',  0, 0, 0, 0, 0, 0);
INSERT INTO "User" ("username", "email", "name", "password", "trust_level", "country", "bio", "erasmus_in_out", "profile_picture_id", "birthday", "num_votes", "num_questions", "num_comments", "num_reports", "num_answers", "num_fav_answers") VALUES ('bkowalik9', 'bkowalik9@independent.co.uk', 'Ber Kowalik', 'Nk9PvgXKD', 0, 'France', 'Business Student', true, 10, '1996-02-20',  0, 0, 0, 0, 0, 0);
INSERT INTO "User" ("username", "email", "name", "password", "trust_level", "country", "bio", "erasmus_in_out", "profile_picture_id", "birthday", "num_votes", "num_questions", "num_comments", "num_reports", "num_answers", "num_fav_answers") VALUES ('martalobo', 'martalobo@gmail.com', 'Marta Lobo', '9LJSkcL41u2', 0, 'Portugal', 'MIEIC FEUP', false, 11, '2001-11-20',  0, 0, 0, 0, 0, 0);
INSERT INTO "User" ("username", "email", "name", "password", "trust_level", "country", "bio", "erasmus_in_out", "profile_picture_id", "birthday", "num_votes", "num_questions", "num_comments", "num_reports", "num_answers", "num_fav_answers") VALUES ('arichardtb', 'arichardtb@reddit.com', 'Anastasia Richardt', 'U2VnASmthmg', 0, 'China', 'Living in Porto', false, 12, '1997-10-03',  0, 0, 0, 0, 0, 0);
INSERT INTO "User" ("username", "email", "name", "password", "trust_level", "country", "bio", "erasmus_in_out", "profile_picture_id", "birthday", "num_votes", "num_questions", "num_comments", "num_reports", "num_answers", "num_fav_answers") VALUES ('rwildinc', 'rwildinc@stumbleupon.com', 'Raoul Wildin', 'wS7vvHsd80h', 0, 'France', 'Medicine', true, 13, '1996-12-24',  0, 0, 0, 0, 0, 0);
INSERT INTO "User" ("username", "email", "name", "password", "trust_level", "country", "bio", "erasmus_in_out", "profile_picture_id", "birthday", "num_votes", "num_questions", "num_comments", "num_reports", "num_answers", "num_fav_answers") VALUES ('miguelneves', 'miguelneves@gmail.com', 'Miguel Neves', 'x2CJJEsX', 0, 'Portugal', 'MIEIC FEUP', false, 14, '1999-11-24',  0, 0, 0, 0, 0, 0);
INSERT INTO "User" ("username", "email", "name", "password", "trust_level", "country", "bio", "erasmus_in_out", "profile_picture_id", "birthday", "num_votes", "num_questions", "num_comments", "num_reports", "num_answers", "num_fav_answers") VALUES ('aprobye', 'aprobye@cyberchimps.com', 'Anestassia Proby', 'JX7sLb2j6D', 0, 'China', 'Arts', true, 15, '1993-01-04',  0, 0, 0, 0, 0, 0);
INSERT INTO "User" ("username", "email", "name", "password", "trust_level", "country", "bio", "erasmus_in_out", "profile_picture_id", "birthday", "num_votes", "num_questions", "num_comments", "num_reports", "num_answers", "num_fav_answers") VALUES ('asissensf', 'asissensf@tinyurl.com', 'Andriana Sissens', 'nJEPqwNEUJ5', 0, 'Spain', 'Wine Tourism', false, 16, '1991-09-29',  0, 0, 0, 0, 0, 0);
INSERT INTO "User" ("username", "email", "name", "password", "trust_level", "country", "bio", "erasmus_in_out", "profile_picture_id", "birthday", "num_votes", "num_questions", "num_comments", "num_reports", "num_answers", "num_fav_answers") VALUES ('wmacgiffing', 'wmacgiffing@imgur.com', 'Willi MacGiffin', 'AamAFOn', 0, 'Brazil', '20 years old', true, 17, '1994-12-05',  0, 0, 0, 0, 0, 0);
INSERT INTO "User" ("username", "email", "name", "password", "trust_level", "country", "bio", "erasmus_in_out", "profile_picture_id", "birthday", "num_votes", "num_questions", "num_comments", "num_reports", "num_answers", "num_fav_answers") VALUES ('sluqueth', 'sluqueth@hostgator.com', 'Sterne Luquet', 'Q09BrPt', 0, 'China', 'Erasmus Student at FEP', false, 18, '1992-10-01', 0, 0, 0, 0, 0, 0);
INSERT INTO "User" ("username", "email", "name", "password", "trust_level", "country", "bio", "erasmus_in_out", "profile_picture_id", "birthday", "num_votes", "num_questions", "num_comments", "num_reports", "num_answers", "num_fav_answers") VALUES ('omadderni', 'omadderni@infoseek.co.jp', 'Onfre Maddern', '4eI6z0E9J', 0, 'China', 'Erasmus Student at FDUP', false, 19, '1995-05-06', 0, 0, 0, 0, 0, 0);
INSERT INTO "User" ("username", "email", "name", "password", "trust_level", "country", "bio", "erasmus_in_out", "profile_picture_id", "birthday", "num_votes", "num_questions", "num_comments", "num_reports", "num_answers", "num_fav_answers") VALUES ('aragatj', 'aragatj@abc.net.au', 'Alric Ragat', 'AbhvSqW', 0, 'Portugal', 'FMDUP', false, 20, '1993-04-28', 0, 0, 0, 0, 0, 0);

INSERT INTO "Badge" ("type", "level", "min") VALUES ('Voting', 'Newbie', 10);
INSERT INTO "Badge" ("type", "level", "min") VALUES ('Voting', 'Junior', 30);
INSERT INTO "Badge" ("type", "level", "min") VALUES ('Voting', 'Expert', 100);
INSERT INTO "Badge" ("type", "level", "min") VALUES ('Voting', 'Master', 200);
INSERT INTO "Badge" ("type", "level", "min") VALUES ('Voting', 'Grandmaster', 500);
INSERT INTO "Badge" ("type", "level", "min") VALUES ('Answering', 'Newbie', 10);
INSERT INTO "Badge" ("type", "level", "min") VALUES ('Answering', 'Junior', 30);
INSERT INTO "Badge" ("type", "level", "min") VALUES ('Answering', 'Expert', 50);
INSERT INTO "Badge" ("type", "level", "min") VALUES ('Answering', 'Master', 100);
INSERT INTO "Badge" ("type", "level", "min") VALUES ('Answering', 'Grandmaster', 200);
INSERT INTO "Badge" ("type", "level", "min") VALUES ('Questioning', 'Newbie', 2);
INSERT INTO "Badge" ("type", "level", "min") VALUES ('Questioning', 'Junior', 10);
INSERT INTO "Badge" ("type", "level", "min") VALUES ('Questioning', 'Expert', 20);
INSERT INTO "Badge" ("type", "level", "min") VALUES ('Questioning', 'Master', 50);
INSERT INTO "Badge" ("type", "level", "min") VALUES ('Questioning', 'Grandmaster', 100);
INSERT INTO "Badge" ("type", "level", "min") VALUES ('Commenting', 'Newbie', 20);
INSERT INTO "Badge" ("type", "level", "min") VALUES ('Commenting', 'Junior', 50);
INSERT INTO "Badge" ("type", "level", "min") VALUES ('Commenting', 'Expert', 70);
INSERT INTO "Badge" ("type", "level", "min") VALUES ('Commenting', 'Master', 100);
INSERT INTO "Badge" ("type", "level", "min") VALUES ('Commenting', 'Grandmaster', 200);

INSERT INTO "Tag" ("id", "text") VALUES (1, 'MIEIC');
INSERT INTO "Tag" ("id", "text") VALUES (2, 'UP');
INSERT INTO "Tag" ("id", "text") VALUES (3, 'FEUP');
INSERT INTO "Tag" ("id", "text") VALUES (4, 'ERASMUS');
INSERT INTO "Tag" ("id", "text") VALUES (5, 'Mobilidade');
INSERT INTO "Tag" ("id", "text") VALUES (6, 'Accomodation');
INSERT INTO "Tag" ("id", "text") VALUES (7, 'FEP');
INSERT INTO "Tag" ("id", "text") VALUES (8, 'Brasil');
INSERT INTO "Tag" ("id", "text") VALUES (9, 'FMUP');
INSERT INTO "Tag" ("id", "text") VALUES (10, 'Torradeira');
INSERT INTO "Tag" ("id", "text") VALUES (11, 'Recurso');
INSERT INTO "Tag" ("id", "text") VALUES (12, 'Engineering');
INSERT INTO "Tag" ("id", "text") VALUES (13, 'Restaurants');
INSERT INTO "Tag" ("id", "text") VALUES (14, 'Tourism');
INSERT INTO "Tag" ("id", "text") VALUES (15, 'Europe');
INSERT INTO "Tag" ("id", "text") VALUES (16, 'Forms');
INSERT INTO "Tag" ("id", "text") VALUES (17, 'Studying');
INSERT INTO "Tag" ("id", "text") VALUES (18, 'Party');
INSERT INTO "Tag" ("id", "text") VALUES (19, 'Friends');
INSERT INTO "Tag" ("id", "text") VALUES (20, 'FMDUP');

INSERT INTO "FollowedTags" ("tag_id", "user_id") VALUES (1, 2);
INSERT INTO "FollowedTags" ("tag_id", "user_id") VALUES (2, 2);
INSERT INTO "FollowedTags" ("tag_id", "user_id") VALUES (3, 2);
INSERT INTO "FollowedTags" ("tag_id", "user_id") VALUES (4, 2);
INSERT INTO "FollowedTags" ("tag_id", "user_id") VALUES (5, 1);
INSERT INTO "FollowedTags" ("tag_id", "user_id") VALUES (6, 1);
INSERT INTO "FollowedTags" ("tag_id", "user_id") VALUES (7, 3);
INSERT INTO "FollowedTags" ("tag_id", "user_id") VALUES (8, 3);
INSERT INTO "FollowedTags" ("tag_id", "user_id") VALUES (9, 2);
INSERT INTO "FollowedTags" ("tag_id", "user_id") VALUES (9, 3);
INSERT INTO "FollowedTags" ("tag_id", "user_id") VALUES (9, 4);
INSERT INTO "FollowedTags" ("tag_id", "user_id") VALUES (9, 5);
INSERT INTO "FollowedTags" ("tag_id", "user_id") VALUES (10, 5);
INSERT INTO "FollowedTags" ("tag_id", "user_id") VALUES (11, 6);
INSERT INTO "FollowedTags" ("tag_id", "user_id") VALUES (12, 6);
INSERT INTO "FollowedTags" ("tag_id", "user_id") VALUES (13, 7);
INSERT INTO "FollowedTags" ("tag_id", "user_id") VALUES (14, 8);
INSERT INTO "FollowedTags" ("tag_id", "user_id") VALUES (15, 9);
INSERT INTO "FollowedTags" ("tag_id", "user_id") VALUES (16, 10);
INSERT INTO "FollowedTags" ("tag_id", "user_id") VALUES (17, 10);
INSERT INTO "FollowedTags" ("tag_id", "user_id") VALUES (17, 11);
INSERT INTO "FollowedTags" ("tag_id", "user_id") VALUES (17, 12);
INSERT INTO "FollowedTags" ("tag_id", "user_id") VALUES (17, 13);
INSERT INTO "FollowedTags" ("tag_id", "user_id") VALUES (17, 14);
INSERT INTO "FollowedTags" ("tag_id", "user_id") VALUES (18, 15);
INSERT INTO "FollowedTags" ("tag_id", "user_id") VALUES (19, 16);
INSERT INTO "FollowedTags" ("tag_id", "user_id") VALUES (20, 18);
INSERT INTO "FollowedTags" ("tag_id", "user_id") VALUES (20, 19);
INSERT INTO "FollowedTags" ("tag_id", "user_id") VALUES (20, 20);

INSERT INTO "Mod" ("id", "num_interactions") VALUES (1, 0);
INSERT INTO "Mod" ("id", "num_interactions") VALUES (2, 0);
INSERT INTO "Mod" ("id", "num_interactions") VALUES (4, 0);
INSERT INTO "Mod" ("id", "num_interactions") VALUES (7, 0);

INSERT INTO "Admin" ("id") VALUES (1);

CALL add_question('Is there any engineering student who has been to Politehnica University of Bucharest?', 7, 'University of Bucharest');
CALL add_question('What did you thought about the Porto city and the education system?', 18, 'Porto Education System');
CALL add_question('Ill be a student at FEUP for the next semester and I was wondering if anyone can give me some information about accomodation?', 17, 'Porto Accomodation');
CALL add_question('Is there a residence for Erasmus students?', 7, 'Residences');
CALL add_question('Ola eu ser aluno russo e estudar e trabalhar em porto como faltar aulas ajuda', 18, 'Como é que peço titulo de trabalhador estudante?');
CALL add_question('Do you know any cheap restaurants near FEUP?', 12, 'Cheap restaurants');
CALL add_question('Where can I find application forms for Erasmus?', 14, 'Application forms for Erasmus');
CALL add_question('Where can I find the Financial Guide for Erasmus?', 7, 'Financial Guide for Erasmus');

INSERT INTO "QuestionImage" ("id", "path", "question_id") VALUES (1, 'https://robohash.org/saepeveniamexpedita.png?size=50x50&set=set1', 1);
INSERT INTO "QuestionImage" ("id", "path", "question_id") VALUES (2, 'https://robohash.org/voluptatumperspiciatisporro.png?size=50x50&set=set1', 1);
INSERT INTO "QuestionImage" ("id", "path", "question_id") VALUES (3, 'https://robohash.org/perspiciatistemporaquia.png?size=50x50&set=set1', 1);
INSERT INTO "QuestionImage" ("id", "path", "question_id") VALUES (4, 'https://robohash.org/quaeratetconsequatur.png?size=50x50&set=set1', 2);
INSERT INTO "QuestionImage" ("id", "path", "question_id") VALUES (5, 'https://robohash.org/solutaquivitae.png?size=50x50&set=set1', 6);
INSERT INTO "QuestionImage" ("id", "path", "question_id") VALUES (6, 'https://robohash.org/occaecatietvoluptates.png?size=50x50&set=set1', 7);
INSERT INTO "QuestionImage" ("id", "path", "question_id") VALUES (7, 'https://robohash.org/magnameiusdoloribus.png?size=50x50&set=set1', 7);
INSERT INTO "QuestionImage" ("id", "path", "question_id") VALUES (8, 'https://robohash.org/rerumtemporibusest.png?size=50x50&set=set1', 8);
INSERT INTO "QuestionImage" ("id", "path", "question_id") VALUES (9, 'https://robohash.org/easimiliqueea.png?size=50x50&set=set1', 8);
INSERT INTO "QuestionImage" ("id", "path", "question_id") VALUES (10, 'https://robohash.org/quaeratquiet.png?size=50x50&set=set1', 8);

INSERT INTO "TaggedQuestion" ("tag_id", "question_id") VALUES (1, 1);
INSERT INTO "TaggedQuestion" ("tag_id", "question_id") VALUES (2, 1);
INSERT INTO "TaggedQuestion" ("tag_id", "question_id") VALUES (3, 1);
INSERT INTO "TaggedQuestion" ("tag_id", "question_id") VALUES (3, 2);
INSERT INTO "TaggedQuestion" ("tag_id", "question_id") VALUES (4, 2);
INSERT INTO "TaggedQuestion" ("tag_id", "question_id") VALUES (5, 2);
INSERT INTO "TaggedQuestion" ("tag_id", "question_id") VALUES (6, 2);
INSERT INTO "TaggedQuestion" ("tag_id", "question_id") VALUES (7, 2);
INSERT INTO "TaggedQuestion" ("tag_id", "question_id") VALUES (8, 3);
INSERT INTO "TaggedQuestion" ("tag_id", "question_id") VALUES (9, 3);
INSERT INTO "TaggedQuestion" ("tag_id", "question_id") VALUES (10, 3);
INSERT INTO "TaggedQuestion" ("tag_id", "question_id") VALUES (11, 4);
INSERT INTO "TaggedQuestion" ("tag_id", "question_id") VALUES (12, 4);
INSERT INTO "TaggedQuestion" ("tag_id", "question_id") VALUES (13, 4);
INSERT INTO "TaggedQuestion" ("tag_id", "question_id") VALUES (14, 5);
INSERT INTO "TaggedQuestion" ("tag_id", "question_id") VALUES (15, 6);
INSERT INTO "TaggedQuestion" ("tag_id", "question_id") VALUES (16, 6);
INSERT INTO "TaggedQuestion" ("tag_id", "question_id") VALUES (17, 7);
INSERT INTO "TaggedQuestion" ("tag_id", "question_id") VALUES (18, 7);
INSERT INTO "TaggedQuestion" ("tag_id", "question_id") VALUES (19, 8);
INSERT INTO "TaggedQuestion" ("tag_id", "question_id") VALUES (20, 8);

CALL add_answer('Yes', 10, 4);
CALL add_answer('Check out Livensa Living Porto Campus', 11, 4);
CALL add_answer('nao sei, recurso', 14, 5);
CALL add_answer('Call Servicos Academicos', 6, 7);
CALL add_answer('Visit the site esn.org', 3, 8);

UPDATE "Answer" SET "selected" = true WHERE "id" = 9;
UPDATE "Answer" SET "selected" = true WHERE "id" = 10;
UPDATE "Answer" SET "selected" = true WHERE "id" = 13;

CALL add_comment('That information is not correct', 12, 9);
CALL add_comment('I agree', 17, 10);
CALL add_comment('That helped me a lot', 6, 11);
CALL add_comment('Great Answer', 7, 12);
CALL add_comment('I dont know', 13, 13);

INSERT INTO "Vote" ("user_id", "content_id", "value") VALUES (1, 15, false);
INSERT INTO "Vote" ("user_id", "content_id", "value") VALUES (1, 1, true);
INSERT INTO "Vote" ("user_id", "content_id", "value") VALUES (1, 2, true);
INSERT INTO "Vote" ("user_id", "content_id", "value") VALUES (2, 1, true);
INSERT INTO "Vote" ("user_id", "content_id", "value") VALUES (3, 2, true);
INSERT INTO "Vote" ("user_id", "content_id", "value") VALUES (4, 3, false);
INSERT INTO "Vote" ("user_id", "content_id", "value") VALUES (5, 4, false);
INSERT INTO "Vote" ("user_id", "content_id", "value") VALUES (6, 9, true);
INSERT INTO "Vote" ("user_id", "content_id", "value") VALUES (7, 10, true);
INSERT INTO "Vote" ("user_id", "content_id", "value") VALUES (8, 5, false);
INSERT INTO "Vote" ("user_id", "content_id", "value") VALUES (9, 11, true);
INSERT INTO "Vote" ("user_id", "content_id", "value") VALUES (10, 6, true);
INSERT INTO "Vote" ("user_id", "content_id", "value") VALUES (11, 18, false);
INSERT INTO "Vote" ("user_id", "content_id", "value") VALUES (12, 7, true);
INSERT INTO "Vote" ("user_id", "content_id", "value") VALUES (13, 8, false);
INSERT INTO "Vote" ("user_id", "content_id", "value") VALUES (14, 13, false);
INSERT INTO "Vote" ("user_id", "content_id", "value") VALUES (15, 13, false);
INSERT INTO "Vote" ("user_id", "content_id", "value") VALUES (17, 13, false);

INSERT INTO "Report" ("user_id", "content_id", "reason") VALUES (2, 1, 'false information');
INSERT INTO "Report" ("user_id", "content_id", "reason") VALUES (3, 1, 'not valuable');
INSERT INTO "Report" ("user_id", "content_id", "reason") VALUES (4, 2, 'disrespectful');
INSERT INTO "Report" ("user_id", "content_id", "reason") VALUES (6, 3, 'not valuable');
INSERT INTO "Report" ("user_id", "content_id", "reason") VALUES (7, 3, 'disrespectful');
INSERT INTO "Report" ("user_id", "content_id", "reason") VALUES (8, 4, 'not valuable');
INSERT INTO "Report" ("user_id", "content_id", "reason") VALUES (8, 3, 'disrespectful');
INSERT INTO "Report" ("user_id", "content_id", "reason") VALUES (14, 4, 'disrespectful');
INSERT INTO "Report" ("user_id", "content_id", "reason") VALUES (16, 4, 'not valuable');

CALL treat_report(1, 'delete_content', 1);
CALL treat_report(4, 'ignore_report', 2);
CALL treat_report(5, 'ban_author', 2);
CALL treat_report(6, 'ignore_report', 7);
CALL treat_report(8, 'delete_content', 4);





















